{
  "data": [
    {
      "invoice_id": 4477,
      "issued_date": "12/13/2020",
      "client_name": "Roxy Floodgate",
      "service": "Software Development",
      "total": 3428,
      "avatar_image": false,
      "invoice_status": "Paid",
      "balance": "$724",
      "due_date": "04/23/2020",
      "action": 1
    },
    {
      "invoice_id": 5020,
      "issued_date": "07/17/2020",
      "client_name": "Roy Southerell",
      "service": "UI/UX Design & Development",
      "total": 5219,
      "avatar_image": true,
      "invoice_status": "Downloaded",
      "balance": 0,
      "due_date": "12/15/2020",
      "action": 1
    },
    {
      "invoice_id": 4506,
      "issued_date": "10/19/2020",
      "client_name": "Briny Undrell",
      "service": "Unlimited Extended License",
      "total": 3719,
      "avatar_image": true,
      "invoice_status": "Paid",
      "balance": 0,
      "due_date": "11/03/2020",
      "action": 1
    },
    {
      "invoice_id": 4515,
      "issued_date": "03/06/2021",
      "client_name": "Kendell Longstreeth",
      "service": "Software Development",
      "total": 4749,
      "avatar_image": true,
      "invoice_status": "Sent",
      "balance": 0,
      "due_date": "02/11/2021",
      "action": 1
    },
    {
      "invoice_id": 4831,
      "issued_date": "02/08/2021",
      "client_name": "Dorris Grigoriev",
      "service": "UI/UX Design & Development",
      "total": 4056,
      "avatar_image": true,
      "invoice_status": "Draft",
      "balance": "$815",
      "due_date": "06/30/2020",
      "action": 1
    },
    {
      "invoice_id": 4881,
      "issued_date": "08/26/2020",
      "client_name": "Zeb Kenningham",
      "service": "UI/UX Design & Development",
      "total": 2771,
      "avatar_image": false,
      "invoice_status": "Paid",
      "balance": 0,
      "due_date": "06/24/2020",
      "action": 1
    },
    {
      "invoice_id": 4877,
      "issued_date": "09/17/2020",
      "client_name": "Tudor Pereira",
      "service": "UI/UX Design & Development",
      "total": 2713,
      "avatar_image": false,
      "invoice_status": "Draft",
      "balance": "$407",
      "due_date": "11/22/2020",
      "action": 1
    },
    {
      "invoice_id": 4687,
      "issued_date": "02/11/2021",
      "client_name": "Peggy Viccary",
      "service": "Template Customization",
      "total": 4309,
      "avatar_image": true,
      "invoice_status": "Paid",
      "balance": "-$205",
      "due_date": "02/10/2021",
      "action": 1
    },
    {
      "invoice_id": 4917,
      "issued_date": "01/26/2021",
      "client_name": "Charo Praill",
      "service": "Software Development",
      "total": 3367,
      "avatar_image": true,
      "invoice_status": "Downloaded",
      "balance": 0,
      "due_date": "12/24/2020",
      "action": 1
    },
    {
      "invoice_id": 4790,
      "issued_date": "01/15/2021",
      "client_name": "Ozzie Youles",
      "service": "Software Development",
      "total": 4776,
      "avatar_image": true,
      "invoice_status": "Downloaded",
      "balance": "$305",
      "due_date": "06/02/2020",
      "action": 1
    },
    {
      "invoice_id": 4965,
      "issued_date": "09/27/2020",
      "client_name": "Yelena O'Hear",
      "service": "Unlimited Extended License",
      "total": 3789,
      "avatar_image": true,
      "invoice_status": "Partial Payment",
      "balance": "$666",
      "due_date": "03/18/2021",
      "action": 1
    },
    {
      "invoice_id": 4449,
      "issued_date": "07/31/2020",
      "client_name": "Tom O'Loughlin",
      "service": "Unlimited Extended License",
      "total": 5200,
      "avatar_image": true,
      "invoice_status": "Partial Payment",
      "balance": 0,
      "due_date": "01/17/2021",
      "action": 1
    },
    {
      "invoice_id": 4511,
      "issued_date": "02/14/2021",
      "client_name": "Donni Goning",
      "service": "Software Development",
      "total": 4558,
      "avatar_image": true,
      "invoice_status": "Paid",
      "balance": 0,
      "due_date": "10/01/2020",
      "action": 1
    },
    {
      "invoice_id": 4677,
      "issued_date": "05/21/2020",
      "client_name": "Syman Asbery",
      "service": "Template Customization",
      "total": 3503,
      "avatar_image": true,
      "invoice_status": "Paid",
      "balance": 0,
      "due_date": "05/22/2020",
      "action": 1
    },
    {
      "invoice_id": 5024,
      "issued_date": "06/30/2020",
      "client_name": "Ariella Filippyev",
      "service": "Unlimited Extended License",
      "total": 5285,
      "avatar_image": true,
      "invoice_status": "Partial Payment",
      "balance": "-$202",
      "due_date": "08/02/2020",
      "action": 1
    },
    {
      "invoice_id": 4743,
      "issued_date": "06/21/2020",
      "client_name": "Britteny Barham",
      "service": "UI/UX Design & Development",
      "total": 3668,
      "avatar_image": true,
      "invoice_status": "Downloaded",
      "balance": "$731",
      "due_date": "12/15/2020",
      "action": 1
    },
    {
      "invoice_id": 4416,
      "issued_date": "12/30/2020",
      "client_name": "Shelly Pyott",
      "service": "Unlimited Extended License",
      "total": 4372,
      "avatar_image": false,
      "invoice_status": "Sent",
      "balance": "-$344",
      "due_date": "09/17/2020",
      "action": 1
    },
    {
      "invoice_id": 4943,
      "issued_date": "05/27/2020",
      "client_name": "Fancy Hunnicot",
      "service": "Template Customization",
      "total": 3198,
      "avatar_image": true,
      "invoice_status": "Partial Payment",
      "balance": "-$253",
      "due_date": "08/16/2020",
      "action": 1
    },
    {
      "invoice_id": 4989,
      "issued_date": "07/30/2020",
      "client_name": "Orson Grafton",
      "service": "Unlimited Extended License",
      "total": 5293,
      "avatar_image": false,
      "invoice_status": "Past Due",
      "balance": 0,
      "due_date": "08/01/2020",
      "action": 1
    },
    {
      "invoice_id": 4582,
      "issued_date": "06/10/2020",
      "client_name": "Keane Barfitt",
      "service": "Template Customization",
      "total": 5612,
      "avatar_image": true,
      "invoice_status": "Downloaded",
      "balance": "$883",
      "due_date": "04/12/2020",
      "action": 1
    },
    {
      "invoice_id": 5041,
      "issued_date": "02/01/2021",
      "client_name": "Shamus Tuttle",
      "service": "Software Development",
      "total": 2230,
      "avatar_image": true,
      "invoice_status": "Sent",
      "balance": 0,
      "due_date": "11/19/2020",
      "action": 1
    },
    {
      "invoice_id": 4401,
      "issued_date": "03/22/2021",
      "client_name": "Bealle Daskiewicz",
      "service": "Unlimited Extended License",
      "total": 2032,
      "avatar_image": true,
      "invoice_status": "Partial Payment",
      "balance": 0,
      "due_date": "11/30/2020",
      "action": 1
    },
    {
      "invoice_id": 4535,
      "issued_date": "11/30/2020",
      "client_name": "Ignace Levington",
      "service": "UI/UX Design & Development",
      "total": 3128,
      "avatar_image": true,
      "invoice_status": "Paid",
      "balance": 0,
      "due_date": "09/10/2020",
      "action": 1
    },
    {
      "invoice_id": 4683,
      "issued_date": "01/06/2021",
      "client_name": "Isidor Navarro",
      "service": "Software Development",
      "total": 2060,
      "avatar_image": true,
      "invoice_status": "Downloaded",
      "balance": 0,
      "due_date": "12/08/2020",
      "action": 1
    },
    {
      "invoice_id": 4410,
      "issued_date": "06/01/2020",
      "client_name": "Keslie Lermit",
      "service": "UI/UX Design & Development",
      "total": 4077,
      "avatar_image": false,
      "invoice_status": "Draft",
      "balance": 0,
      "due_date": "02/01/2021",
      "action": 1
    },
    {
      "invoice_id": 4716,
      "issued_date": "10/30/2020",
      "client_name": "Ninette Forde",
      "service": "Template Customization",
      "total": 2872,
      "avatar_image": true,
      "invoice_status": "Partial Payment",
      "balance": 0,
      "due_date": "10/18/2020",
      "action": 1
    },
    {
      "invoice_id": 4341,
      "issued_date": "02/05/2021",
      "client_name": "Ninnetta Roylance",
      "service": "Software Development",
      "total": 3740,
      "avatar_image": true,
      "invoice_status": "Draft",
      "balance": 0,
      "due_date": "11/01/2020",
      "action": 1
    },
    {
      "invoice_id": 4989,
      "issued_date": "12/01/2020",
      "client_name": "Lorine Hischke",
      "service": "Unlimited Extended License",
      "total": 3623,
      "avatar_image": false,
      "invoice_status": "Downloaded",
      "balance": 0,
      "due_date": "09/23/2020",
      "action": 1
    },
    {
      "invoice_id": 4446,
      "issued_date": "04/16/2020",
      "client_name": "Gray Waldock",
      "service": "Software Development",
      "total": 2477,
      "avatar_image": true,
      "invoice_status": "Draft",
      "balance": 0,
      "due_date": "04/01/2020",
      "action": 1
    },
    {
      "invoice_id": 4765,
      "issued_date": "01/24/2021",
      "client_name": "Pryce Scothorn",
      "service": "Unlimited Extended License",
      "total": 3904,
      "avatar_image": false,
      "invoice_status": "Paid",
      "balance": "$951",
      "due_date": "09/30/2020",
      "action": 1
    },
    {
      "invoice_id": 4575,
      "issued_date": "02/24/2021",
      "client_name": "Hermia Fosten",
      "service": "UI/UX Design & Development",
      "total": 3102,
      "avatar_image": true,
      "invoice_status": "Partial Payment",
      "balance": "-$153",
      "due_date": "08/25/2020",
      "action": 1
    },
    {
      "invoice_id": 4538,
      "issued_date": "02/29/2021",
      "client_name": "Brandy Cleveland",
      "service": "UI/UX Design & Development",
      "total": 2483,
      "avatar_image": true,
      "invoice_status": "Draft",
      "balance": 0,
      "due_date": "07/10/2020",
      "action": 1
    },
    {
      "invoice_id": 4798,
      "issued_date": "08/07/2020",
      "client_name": "Lloyd Janaszkiewicz",
      "service": "Unlimited Extended License",
      "total": 2825,
      "avatar_image": true,
      "invoice_status": "Partial Payment",
      "balance": "-$459",
      "due_date": "10/14/2020",
      "action": 1
    },
    {
      "invoice_id": 4963,
      "issued_date": "05/10/2020",
      "client_name": "Morgan Ewbanks",
      "service": "Unlimited Extended License",
      "total": 2029,
      "avatar_image": true,
      "invoice_status": "Past Due",
      "balance": 0,
      "due_date": "03/28/2020",
      "action": 1
    },
    {
      "invoice_id": 4528,
      "issued_date": "04/02/2020",
      "client_name": "Rahal Bezemer",
      "service": "Software Development",
      "total": 3208,
      "avatar_image": false,
      "invoice_status": "Sent",
      "balance": 0,
      "due_date": "09/06/2020",
      "action": 1
    },
    {
      "invoice_id": 5089,
      "issued_date": "05/02/2020",
      "client_name": "Jamal Kerrod",
      "service": "Software Development",
      "total": 3077,
      "avatar_image": false,
      "invoice_status": "Sent",
      "balance": 0,
      "due_date": "05/09/2020",
      "action": 1
    },
    {
      "invoice_id": 4456,
      "issued_date": "03/23/2021",
      "client_name": "Claudine Mechell",
      "service": "Software Development",
      "total": 5578,
      "avatar_image": true,
      "invoice_status": "Draft",
      "balance": 0,
      "due_date": "07/23/2020",
      "action": 1
    },
    {
      "invoice_id": 5027,
      "issued_date": "09/28/2020",
      "client_name": "Devonne Wallbridge",
      "service": "Software Development",
      "total": 2787,
      "avatar_image": true,
      "invoice_status": "Partial Payment",
      "balance": 0,
      "due_date": "09/25/2020",
      "action": 1
    },
    {
      "invoice_id": 4748,
      "issued_date": "02/21/2021",
      "client_name": "Ruddie Gabb",
      "service": "UI/UX Design & Development",
      "total": 5591,
      "avatar_image": false,
      "invoice_status": "Downloaded",
      "balance": 0,
      "due_date": "06/07/2020",
      "action": 1
    },
    {
      "invoice_id": 4651,
      "issued_date": "05/24/2020",
      "client_name": "Jennica Aronov",
      "service": "Template Customization",
      "total": 2783,
      "avatar_image": true,
      "invoice_status": "Draft",
      "balance": 0,
      "due_date": "10/22/2020",
      "action": 1
    },
    {
      "invoice_id": 4794,
      "issued_date": "01/13/2021",
      "client_name": "Hephzibah Hanshawe",
      "service": "Template Customization",
      "total": 2719,
      "avatar_image": false,
      "invoice_status": "Sent",
      "balance": 0,
      "due_date": "02/04/2021",
      "action": 1
    },
    {
      "invoice_id": 4593,
      "issued_date": "05/18/2020",
      "client_name": "Darwin Dory",
      "service": "Template Customization",
      "total": 3325,
      "avatar_image": false,
      "invoice_status": "Draft",
      "balance": "$361",
      "due_date": "03/02/2021",
      "action": 1
    },
    {
      "invoice_id": 4437,
      "issued_date": "10/29/2020",
      "client_name": "Orbadiah Norton",
      "service": "Template Customization",
      "total": 3851,
      "avatar_image": false,
      "invoice_status": "Draft",
      "balance": 0,
      "due_date": "08/25/2020",
      "action": 1
    },
    {
      "invoice_id": 4632,
      "issued_date": "04/07/2020",
      "client_name": "Eadith Garshore",
      "service": "Template Customization",
      "total": 5565,
      "avatar_image": false,
      "invoice_status": "Draft",
      "balance": 0,
      "due_date": "03/06/2021",
      "action": 1
    },
    {
      "invoice_id": 4995,
      "issued_date": "08/21/2020",
      "client_name": "Raynell Clendennen",
      "service": "Template Customization",
      "total": 3313,
      "avatar_image": true,
      "invoice_status": "Partial Payment",
      "balance": 0,
      "due_date": "06/09/2020",
      "action": 1
    },
    {
      "invoice_id": 4375,
      "issued_date": "05/31/2020",
      "client_name": "Dido Smitton",
      "service": "Template Customization",
      "total": 5181,
      "avatar_image": false,
      "invoice_status": "Partial Payment",
      "balance": 0,
      "due_date": "10/22/2020",
      "action": 1
    },
    {
      "invoice_id": 4323,
      "issued_date": "07/12/2020",
      "client_name": "Hershel Pennetti",
      "service": "Template Customization",
      "total": 2869,
      "avatar_image": true,
      "invoice_status": "Partial Payment",
      "balance": 0,
      "due_date": "03/22/2021",
      "action": 1
    },
    {
      "invoice_id": 4993,
      "issued_date": "07/10/2020",
      "client_name": "Lutero Aloshechkin",
      "service": "Unlimited Extended License",
      "total": 4836,
      "avatar_image": false,
      "invoice_status": "Partial Payment",
      "balance": 0,
      "due_date": "10/22/2020",
      "action": 1
    },
    {
      "invoice_id": 4439,
      "issued_date": "07/20/2020",
      "client_name": "Beck Cottle",
      "service": "UI/UX Design & Development",
      "total": 4263,
      "avatar_image": false,
      "invoice_status": "Draft",
      "balance": "$762",
      "due_date": "06/12/2020",
      "action": 1
    },
    {
      "invoice_id": 4567,
      "issued_date": "04/19/2020",
      "client_name": "Deny Pell",
      "service": "Unlimited Extended License",
      "total": 3171,
      "avatar_image": true,
      "invoice_status": "Draft",
      "balance": "-$205",
      "due_date": "09/25/2020",
      "action": 1
    }
  ]
}